{"avg_prec": 0.5974377394636016, "roc_auc": 0.7591594827586207, "accuracy": 0.7888888888888889}